<?xml version="1.0" encoding="UTF-8"?>
<metadata xml:lang="en"><Esri><CreaDate>20170324</CreaDate><CreaTime>10174000</CreaTime><ArcGISFormat>1.0</ArcGISFormat><SyncOnce>TRUE</SyncOnce><DataProperties><lineage><Process ToolSource="c:\program files\arcgis\desktop10.1\ArcToolbox\Toolboxes\Conversion Tools.tbx\ExportCAD" Date="20170324" Time="101740">ExportCAD RTRW_2016\HPT DXF_R2010 C:\Users\Muhidin\AppData\Local\Temp\arc7611\HPT_ExportCAD.DWG Ignore_Filenames_in_Tables Overwrite_Existing_Files #</Process></lineage></DataProperties></Esri></metadata>
